,GAME_ID,TEAM_ID,TEAM_ABBREVIATION,PLAYER_ID,PLAYER_NAME,season,PLAYER_NAME_CLEAN
0,0021601205,1610612748,MIA,203186,Willie Reed,2016-17,Willie Reed
1,0021601205,1610612739,CLE,1627770,Kay Felder,2016-17,Kay Felder
2,0021601205,1610612748,MIA,1626196,Josh Richardson,2016-17,Josh Richardson
3,0021601205,1610612739,CLE,101114,Deron Williams,2016-17,Deron Williams
4,0021601205,1610612748,MIA,201609,Goran Dragic,2016-17,Goran Dragic
5,0021601205,1610612739,CLE,2747,JR Smith,2016-17,JR Smith
6,0021601205,1610612739,CLE,202697,Iman Shumpert,2016-17,Iman Shumpert
7,0021601205,1610612739,CLE,201567,Kevin Love,2016-17,Kevin Love
8,0021601205,1610612748,MIA,201949,James Johnson,2016-17,James Johnson
9,0021601205,1610612748,MIA,202355,Hassan Whiteside,2016-17,Hassan Whiteside
10,0021601197,1610612739,CLE,101114,Deron Williams,2016-17,Deron Williams
11,0021601197,1610612739,CLE,2544,LeBron James,2016-17,LeBron James
12,0021601197,1610612739,CLE,202681,Kyrie Irving,2016-17,Kyrie Irving
13,0021601197,1610612739,CLE,201567,Kevin Love,2016-17,Kevin Love
14,0021601197,1610612737,ATL,203501,Tim Hardaway Jr.,2016-17,Tim Hardaway Jr.
15,0021601197,1610612737,ATL,200794,Paul Millsap,2016-17,Paul Millsap
16,0021601197,1610612739,CLE,2747,JR Smith,2016-17,JR Smith
17,0021601197,1610612737,ATL,203145,Kent Bazemore,2016-17,Kent Bazemore
18,0021601197,1610612737,ATL,203471,Dennis Schröder,2016-17,Dennis Schroder
19,0021601197,1610612737,ATL,1627752,Taurean Prince,2016-17,Taurean Prince
20,0021601161,1610612759,SAS,1938,Manu Ginobili,2016-17,Manu Ginobili
21,0021601161,1610612759,SAS,200746,LaMarcus Aldridge,2016-17,LaMarcus Aldridge
22,0021601161,1610612759,SAS,202695,Kawhi Leonard,2016-17,Kawhi Leonard
23,0021601161,1610612763,MEM,2216,Zach Randolph,2016-17,Zach Randolph
24,0021601161,1610612763,MEM,201144,Mike Conley,2016-17,Mike Conley
25,0021601161,1610612759,SAS,2200,Pau Gasol,2016-17,Pau Gasol
26,0021601161,1610612759,SAS,2225,Tony Parker,2016-17,Tony Parker
27,0021601161,1610612763,MEM,201188,Marc Gasol,2016-17,Marc Gasol
28,0021601161,1610612763,MEM,203584,Troy Daniels,2016-17,Troy Daniels
29,0021601161,1610612763,MEM,201148,Brandan Wright,2016-17,Brandan Wright
30,0021601150,1610612739,CLE,2544,LeBron James,2016-17,LeBron James
31,0021601150,1610612754,IND,202338,Kevin Seraphin,2016-17,Kevin Seraphin
32,0021601150,1610612754,IND,202331,Paul George,2016-17,Paul George
33,0021601150,1610612754,IND,1626167,Myles Turner,2016-17,Myles Turner
34,0021601150,1610612739,CLE,202681,Kyrie Irving,2016-17,Kyrie Irving
35,0021601150,1610612754,IND,201952,Jeff Teague,2016-17,Jeff Teague
36,0021601150,1610612739,CLE,202684,Tristan Thompson,2016-17,Tristan Thompson
37,0021601150,1610612739,CLE,2747,JR Smith,2016-17,JR Smith
38,0021601150,1610612739,CLE,201567,Kevin Love,2016-17,Kevin Love
39,0021601150,1610612754,IND,101145,Monta Ellis,2016-17,Monta Ellis
40,0021601130,1610612749,MIL,203141,Mirza Teletovic,2016-17,Mirza Teletovic
41,0021601130,1610612749,MIL,201563,Michael Beasley,2016-17,Michael Beasley
42,0021601130,1610612749,MIL,201150,Spencer Hawes,2016-17,Spencer Hawes
43,0021601130,1610612749,MIL,203507,Giannis Antetokounmpo,2016-17,Giannis Antetokounmpo
44,0021601130,1610612749,MIL,203114,Khris Middleton,2016-17,Khris Middleton
45,0021601130,1610612765,DET,203484,Kentavious Caldwell-Pope,2016-17,Kentavious Caldwell-Pope
46,0021601130,1610612765,DET,202694,Marcus Morris Sr.,2016-17,Marcus Morris Sr.
47,0021601130,1610612765,DET,202699,Tobias Harris,2016-17,Tobias Harris
48,0021601130,1610612765,DET,202397,Ish Smith,2016-17,Ish Smith
49,0021601130,1610612765,DET,203083,Andre Drummond,2016-17,Andre Drummond
50,0021601112,1610612760,OKC,202708,Norris Cole,2016-17,Norris Cole
51,0021601112,1610612753,ORL,203082,Terrence Ross,2016-17,Terrence Ross
52,0021601112,1610612760,OKC,203506,Victor Oladipo,2016-17,Victor Oladipo
53,0021601112,1610612760,OKC,201566,Russell Westbrook,2016-17,Russell Westbrook
54,0021601112,1610612753,ORL,203095,Evan Fournier,2016-17,Evan Fournier
55,0021601112,1610612753,ORL,203932,Aaron Gordon,2016-17,Aaron Gordon
56,0021601112,1610612760,OKC,203926,Doug McDermott,2016-17,Doug McDermott
57,0021601112,1610612753,ORL,203901,Elfrid Payton,2016-17,Elfrid Payton
58,0021601112,1610612760,OKC,203460,Andre Roberson,2016-17,Andre Roberson
59,0021601112,1610612753,ORL,202696,Nikola Vučević,2016-17,Nikola Vucevic
60,0021601080,1610612747,LAL,203903,Jordan Clarkson,2016-17,Jordan Clarkson
61,0021601080,1610612750,MIN,203952,Andrew Wiggins,2016-17,Andrew Wiggins
62,0021601080,1610612750,MIN,201937,Ricky Rubio,2016-17,Ricky Rubio
63,0021601080,1610612750,MIN,1626157,Karl-Anthony Towns,2016-17,Karl-Anthony Towns
64,0021601080,1610612747,LAL,204028,Tarik Black,2016-17,Tarik Black
65,0021601080,1610612747,LAL,1626156,D'Angelo Russell,2016-17,D'Angelo Russell
66,0021601080,1610612750,MIN,203476,Gorgui Dieng,2016-17,Gorgui Dieng
67,0021601080,1610612747,LAL,1626204,Larry Nance Jr.,2016-17,Larry Nance Jr.
68,0021601080,1610612750,MIN,1627739,Kris Dunn,2016-17,Kris Dunn
69,0021601080,1610612747,LAL,203944,Julius Randle,2016-17,Julius Randle
70,0021601051,1610612741,CHI,203530,Joffrey Lauvergne,2016-17,Joffrey Lauvergne
71,0021601051,1610612761,TOR,1626153,Delon Wright,2016-17,Delon Wright
72,0021601051,1610612741,CHI,202710,Jimmy Butler III,2016-17,Jimmy Butler III
73,0021601051,1610612761,TOR,201942,DeMar DeRozan,2016-17,DeMar DeRozan
74,0021601051,1610612761,TOR,202709,Cory Joseph,2016-17,Cory Joseph
75,0021601051,1610612741,CHI,1627835,Paul Zipser,2016-17,Paul Zipser
76,0021601051,1610612741,CHI,200765,Rajon Rondo,2016-17,Rajon Rondo
77,0021601051,1610612741,CHI,1627756,Denzel Valentine,2016-17,Denzel Valentine
78,0021601051,1610612761,TOR,200782,P.J. Tucker,2016-17,P.J. Tucker
79,0021601051,1610612761,TOR,201586,Serge Ibaka,2016-17,Serge Ibaka
80,0021601045,1610612753,ORL,201228,C.J. Watson,2016-17,C.J. Watson
81,0021601045,1610612755,PHI,203496,Robert Covington,2016-17,Robert Covington
82,0021601045,1610612755,PHI,1626158,Richaun Holmes,2016-17,Richaun Holmes
83,0021601045,1610612755,PHI,203917,Nik Stauskas,2016-17,Nik Stauskas
84,0021601045,1610612753,ORL,203095,Evan Fournier,2016-17,Evan Fournier
85,0021601045,1610612753,ORL,202696,Nikola Vučević,2016-17,Nikola Vucevic
86,0021601045,1610612753,ORL,203082,Terrence Ross,2016-17,Terrence Ross
87,0021601045,1610612755,PHI,204456,T.J. McConnell,2016-17,T.J. McConnell
88,0021601045,1610612753,ORL,203932,Aaron Gordon,2016-17,Aaron Gordon
89,0021601045,1610612755,PHI,1626147,Justin Anderson,2016-17,Justin Anderson
90,0021600976,1610612740,NOP,204025,Tim Frazier,2016-17,Tim Frazier
91,0021600976,1610612740,NOP,203076,Anthony Davis,2016-17,Anthony Davis
92,0021600976,1610612740,NOP,203524,Solomon Hill,2016-17,Solomon Hill
93,0021600976,1610612740,NOP,201950,Jrue Holiday,2016-17,Jrue Holiday
94,0021600976,1610612766,CHA,201587,Nicolas Batum,2016-17,Nicolas Batum
95,0021600976,1610612766,CHA,203469,Cody Zeller,2016-17,Cody Zeller
96,0021600976,1610612766,CHA,202689,Kemba Walker,2016-17,Kemba Walker
97,0021600976,1610612766,CHA,101107,Marvin Williams,2016-17,Marvin Williams
98,0021600976,1610612766,CHA,203077,Michael Kidd-Gilchrist,2016-17,Michael Kidd-Gilchrist
99,0021600976,1610612740,NOP,201967,Dante Cunningham,2016-17,Dante Cunningham
100,0021600983,1610612764,WAS,201160,Jason Smith,2016-17,Jason Smith
101,0021600983,1610612764,WAS,203107,Tomas Satoransky,2016-17,Tomas Satoransky
102,0021600983,1610612764,WAS,202693,Markieff Morris,2016-17,Markieff Morris
103,0021600983,1610612757,POR,203468,CJ McCollum,2016-17,CJ McCollum
104,0021600983,1610612764,WAS,202322,John Wall,2016-17,John Wall
105,0021600983,1610612764,WAS,203490,Otto Porter Jr.,2016-17,Otto Porter Jr.
106,0021600983,1610612757,POR,203081,Damian Lillard,2016-17,Damian Lillard
107,0021600983,1610612757,POR,203459,Allen Crabbe,2016-17,Allen Crabbe
108,0021600983,1610612757,POR,202329,Al-Farouq Aminu,2016-17,Al-Farouq Aminu
109,0021600983,1610612757,POR,203090,Maurice Harkless,2016-17,Maurice Harkless
110,0021600972,1610612764,WAS,1626162,Kelly Oubre Jr.,2016-17,Kelly Oubre Jr.
111,0021600972,1610612764,WAS,203078,Bradley Beal,2016-17,Bradley Beal
112,0021600972,1610612758,SAC,1626161,Willie Cauley-Stein,2016-17,Willie Cauley-Stein
113,0021600972,1610612764,WAS,202322,John Wall,2016-17,John Wall
114,0021600972,1610612764,WAS,203490,Otto Porter Jr.,2016-17,Otto Porter Jr.
115,0021600972,1610612758,SAC,1627741,Buddy Hield,2016-17,Buddy Hield
116,0021600972,1610612758,SAC,201167,Arron Afflalo,2016-17,Arron Afflalo
117,0021600972,1610612758,SAC,201954,Darren Collison,2016-17,Darren Collison
118,0021600972,1610612764,WAS,202711,Bojan Bogdanović,2016-17,Bojan Bogdanovic
119,0021600972,1610612758,SAC,202066,Garrett Temple,2016-17,Garrett Temple
120,0021600963,1610612755,PHI,1626147,Justin Anderson,2016-17,Justin Anderson
121,0021600963,1610612757,POR,203468,CJ McCollum,2016-17,CJ McCollum
122,0021600963,1610612755,PHI,203967,Dario Šarić,2016-17,Dario Saric
123,0021600963,1610612757,POR,203081,Damian Lillard,2016-17,Damian Lillard
124,0021600963,1610612755,PHI,203496,Robert Covington,2016-17,Robert Covington
125,0021600963,1610612757,POR,203090,Maurice Harkless,2016-17,Maurice Harkless
126,0021600963,1610612757,POR,203994,Jusuf Nurkić,2016-17,Jusuf Nurkic
127,0021600963,1610612757,POR,202329,Al-Farouq Aminu,2016-17,Al-Farouq Aminu
128,0021600963,1610612755,PHI,204456,T.J. McConnell,2016-17,T.J. McConnell
129,0021600963,1610612755,PHI,1626143,Jahlil Okafor,2016-17,Jahlil Okafor
130,0021600931,1610612762,UTA,203497,Rudy Gobert,2016-17,Rudy Gobert
131,0021600931,1610612758,SAC,201954,Darren Collison,2016-17,Darren Collison
132,0021600931,1610612762,UTA,202330,Gordon Hayward,2016-17,Gordon Hayward
133,0021600931,1610612758,SAC,201167,Arron Afflalo,2016-17,Arron Afflalo
134,0021600931,1610612762,UTA,201588,George Hill,2016-17,George Hill
135,0021600931,1610612758,SAC,1626161,Willie Cauley-Stein,2016-17,Willie Cauley-Stein
136,0021600931,1610612758,SAC,201585,Kosta Koufos,2016-17,Kosta Koufos
137,0021600931,1610612758,SAC,201951,Ty Lawson,2016-17,Ty Lawson
138,0021600931,1610612762,UTA,203918,Rodney Hood,2016-17,Rodney Hood
139,0021600931,1610612762,UTA,1626168,Trey Lyles,2016-17,Trey Lyles
140,0021600925,1610612759,SAS,203937,Kyle Anderson,2016-17,Kyle Anderson
141,0021600925,1610612750,MIN,1626157,Karl-Anthony Towns,2016-17,Karl-Anthony Towns
142,0021600925,1610612759,SAS,202695,Kawhi Leonard,2016-17,Kawhi Leonard
143,0021600925,1610612750,MIN,203952,Andrew Wiggins,2016-17,Andrew Wiggins
144,0021600925,1610612759,SAS,200746,LaMarcus Aldridge,2016-17,LaMarcus Aldridge
145,0021600925,1610612750,MIN,201937,Ricky Rubio,2016-17,Ricky Rubio
146,0021600925,1610612759,SAS,1627749,Dejounte Murray,2016-17,Dejounte Murray
147,0021600925,1610612759,SAS,201980,Danny Green,2016-17,Danny Green
148,0021600925,1610612750,MIN,203476,Gorgui Dieng,2016-17,Gorgui Dieng
149,0021600925,1610612750,MIN,201575,Brandon Rush,2016-17,Brandon Rush
150,0021600917,1610612740,NOP,204025,Tim Frazier,2016-17,Tim Frazier
151,0021600917,1610612759,SAS,101135,David Lee,2016-17,David Lee
152,0021600917,1610612740,NOP,201950,Jrue Holiday,2016-17,Jrue Holiday
153,0021600917,1610612740,NOP,202326,DeMarcus Cousins,2016-17,DeMarcus Cousins
154,0021600917,1610612740,NOP,203076,Anthony Davis,2016-17,Anthony Davis
155,0021600917,1610612759,SAS,200746,LaMarcus Aldridge,2016-17,LaMarcus Aldridge
156,0021600917,1610612759,SAS,202695,Kawhi Leonard,2016-17,Kawhi Leonard
157,0021600917,1610612740,NOP,203524,Solomon Hill,2016-17,Solomon Hill
158,0021600917,1610612759,SAS,201980,Danny Green,2016-17,Danny Green
159,0021600917,1610612759,SAS,2200,Pau Gasol,2016-17,Pau Gasol
160,0021600890,1610612765,DET,203484,Kentavious Caldwell-Pope,2016-17,Kentavious Caldwell-Pope
161,0021600890,1610612757,POR,203468,CJ McCollum,2016-17,CJ McCollum
162,0021600890,1610612765,DET,202694,Marcus Morris Sr.,2016-17,Marcus Morris Sr.
163,0021600890,1610612757,POR,203081,Damian Lillard,2016-17,Damian Lillard
164,0021600890,1610612757,POR,203090,Maurice Harkless,2016-17,Maurice Harkless
165,0021600890,1610612757,POR,203994,Jusuf Nurkić,2016-17,Jusuf Nurkic
166,0021600890,1610612757,POR,203459,Allen Crabbe,2016-17,Allen Crabbe
167,0021600890,1610612765,DET,203083,Andre Drummond,2016-17,Andre Drummond
168,0021600890,1610612765,DET,202397,Ish Smith,2016-17,Ish Smith
169,0021600890,1610612765,DET,1626169,Stanley Johnson,2016-17,Stanley Johnson
170,0021600881,1610612746,LAC,201578,Marreese Speights,2016-17,Marreese Speights
171,0021600881,1610612766,CHA,1626203,Treveon Graham,2016-17,Treveon Graham
172,0021600881,1610612746,LAC,202325,Wesley Johnson,2016-17,Wesley Johnson
173,0021600881,1610612746,LAC,101187,Alan Anderson,2016-17,Alan Anderson
174,0021600881,1610612766,CHA,201587,Nicolas Batum,2016-17,Nicolas Batum
175,0021600881,1610612766,CHA,202689,Kemba Walker,2016-17,Kemba Walker
176,0021600881,1610612746,LAC,201599,DeAndre Jordan,2016-17,DeAndre Jordan
177,0021600881,1610612746,LAC,201933,Blake Griffin,2016-17,Blake Griffin
178,0021600881,1610612766,CHA,101107,Marvin Williams,2016-17,Marvin Williams
179,0021600881,1610612766,CHA,203087,Jeremy Lamb,2016-17,Jeremy Lamb
180,0021600859,1610612741,CHI,203487,Michael Carter-Williams,2016-17,Michael Carter-Williams
181,0021600859,1610612741,CHI,202710,Jimmy Butler III,2016-17,Jimmy Butler III
182,0021600859,1610612756,PHX,1626164,Devin Booker,2016-17,Devin Booker
183,0021600859,1610612756,PHX,202339,Eric Bledsoe,2016-17,Eric Bledsoe
184,0021600859,1610612756,PHX,203933,T.J. Warren,2016-17,T.J. Warren
185,0021600859,1610612741,CHI,202703,Nikola Mirotic,2016-17,Nikola Mirotic
186,0021600859,1610612741,CHI,201577,Robin Lopez,2016-17,Robin Lopez
187,0021600859,1610612756,PHX,203458,Alex Len,2016-17,Alex Len
188,0021600859,1610612741,CHI,1627756,Denzel Valentine,2016-17,Denzel Valentine
189,0021600859,1610612756,PHX,1627737,Marquese Chriss,2016-17,Marquese Chriss
190,0021600851,1610612765,DET,203493,Reggie Bullock Jr.,2016-17,Reggie Bullock Jr.
191,0021600851,1610612765,DET,203382,Aron Baynes,2016-17,Aron Baynes
192,0021600851,1610612765,DET,203484,Kentavious Caldwell-Pope,2016-17,Kentavious Caldwell-Pope
193,0021600851,1610612766,CHA,202689,Kemba Walker,2016-17,Kemba Walker
194,0021600851,1610612765,DET,202720,Jon Leuer,2016-17,Jon Leuer
195,0021600851,1610612766,CHA,201587,Nicolas Batum,2016-17,Nicolas Batum
196,0021600851,1610612766,CHA,101107,Marvin Williams,2016-17,Marvin Williams
197,0021600851,1610612766,CHA,1626163,Frank Kaminsky,2016-17,Frank Kaminsky
198,0021600851,1610612766,CHA,203077,Michael Kidd-Gilchrist,2016-17,Michael Kidd-Gilchrist
199,0021600851,1610612765,DET,202694,Marcus Morris Sr.,2016-17,Marcus Morris Sr.
200,0021600830,1610612757,POR,1626192,Pat Connaughton,2016-17,Pat Connaughton
201,0021600830,1610612737,ATL,2399,Mike Dunleavy,2016-17,Mike Dunleavy
202,0021600830,1610612757,POR,203894,Shabazz Napier,2016-17,Shabazz Napier
203,0021600830,1610612737,ATL,1627761,DeAndre' Bembry,2016-17,DeAndre' Bembry
204,0021600830,1610612737,ATL,203501,Tim Hardaway Jr.,2016-17,Tim Hardaway Jr.
205,0021600830,1610612737,ATL,203471,Dennis Schröder,2016-17,Dennis Schroder
206,0021600830,1610612757,POR,203081,Damian Lillard,2016-17,Damian Lillard
207,0021600830,1610612757,POR,203468,CJ McCollum,2016-17,CJ McCollum
208,0021600830,1610612737,ATL,200794,Paul Millsap,2016-17,Paul Millsap
209,0021600830,1610612757,POR,202329,Al-Farouq Aminu,2016-17,Al-Farouq Aminu
210,0021600797,1610612742,DAL,1626147,Justin Anderson,2016-17,Justin Anderson
211,0021600797,1610612762,UTA,1626168,Trey Lyles,2016-17,Trey Lyles
212,0021600797,1610612742,DAL,203939,Dwight Powell,2016-17,Dwight Powell
213,0021600797,1610612762,UTA,202330,Gordon Hayward,2016-17,Gordon Hayward
214,0021600797,1610612742,DAL,203084,Harrison Barnes,2016-17,Harrison Barnes
215,0021600797,1610612742,DAL,203552,Seth Curry,2016-17,Seth Curry
216,0021600797,1610612742,DAL,202083,Wesley Matthews,2016-17,Wesley Matthews
217,0021600797,1610612762,UTA,204060,Joe Ingles,2016-17,Joe Ingles
218,0021600797,1610612762,UTA,203497,Rudy Gobert,2016-17,Rudy Gobert
219,0021600797,1610612762,UTA,202324,Derrick Favors,2016-17,Derrick Favors
220,0021600784,1610612764,WAS,202322,John Wall,2016-17,John Wall
221,0021600784,1610612764,WAS,203078,Bradley Beal,2016-17,Bradley Beal
222,0021600784,1610612764,WAS,101162,Marcin Gortat,2016-17,Marcin Gortat
223,0021600784,1610612764,WAS,203490,Otto Porter Jr.,2016-17,Otto Porter Jr.
224,0021600784,1610612751,BKN,202711,Bojan Bogdanović,2016-17,Bojan Bogdanovic
225,0021600784,1610612764,WAS,1626162,Kelly Oubre Jr.,2016-17,Kelly Oubre Jr.
226,0021600784,1610612751,BKN,201572,Brook Lopez,2016-17,Brook Lopez
227,0021600784,1610612751,BKN,1626178,Rondae Hollis-Jefferson,2016-17,Rondae Hollis-Jefferson
228,0021600784,1610612751,BKN,202344,Trevor Booker,2016-17,Trevor Booker
229,0021600784,1610612751,BKN,1627747,Caris LeVert,2016-17,Caris LeVert
230,0021600769,1610612739,CLE,1627770,Kay Felder,2016-17,Kay Felder
231,0021600769,1610612764,WAS,203504,Trey Burke,2016-17,Trey Burke
232,0021600769,1610612764,WAS,203490,Otto Porter Jr.,2016-17,Otto Porter Jr.
233,0021600769,1610612764,WAS,203078,Bradley Beal,2016-17,Bradley Beal
234,0021600769,1610612764,WAS,202322,John Wall,2016-17,John Wall
235,0021600769,1610612739,CLE,202681,Kyrie Irving,2016-17,Kyrie Irving
236,0021600769,1610612739,CLE,2544,LeBron James,2016-17,LeBron James
237,0021600769,1610612739,CLE,201567,Kevin Love,2016-17,Kevin Love
238,0021600769,1610612739,CLE,202684,Tristan Thompson,2016-17,Tristan Thompson
239,0021600769,1610612764,WAS,101162,Marcin Gortat,2016-17,Marcin Gortat
240,0021600764,1610612744,GSW,1627775,Patrick McCaw,2016-17,Patrick McCaw
241,0021600764,1610612758,SAC,1627781,Malachi Richardson,2016-17,Malachi Richardson
242,0021600764,1610612744,GSW,203110,Draymond Green,2016-17,Draymond Green
243,0021600764,1610612744,GSW,202691,Klay Thompson,2016-17,Klay Thompson
244,0021600764,1610612744,GSW,201142,Kevin Durant,2016-17,Kevin Durant
245,0021600764,1610612744,GSW,201939,Stephen Curry,2016-17,Stephen Curry
246,0021600764,1610612758,SAC,202326,DeMarcus Cousins,2016-17,DeMarcus Cousins
247,0021600764,1610612758,SAC,201167,Arron Afflalo,2016-17,Arron Afflalo
248,0021600764,1610612758,SAC,201229,Anthony Tolliver,2016-17,Anthony Tolliver
249,0021600764,1610612758,SAC,2440,Matt Barnes,2016-17,Matt Barnes
250,0021600749,1610612741,CHI,1626245,Cristiano Felicio,2016-17,Cristiano Felicio
251,0021600749,1610612741,CHI,1626171,Bobby Portis,2016-17,Bobby Portis
252,0021600749,1610612745,HOU,201935,James Harden,2016-17,James Harden
253,0021600749,1610612741,CHI,201577,Robin Lopez,2016-17,Robin Lopez
254,0021600749,1610612745,HOU,2772,Trevor Ariza,2016-17,Trevor Ariza
255,0021600749,1610612741,CHI,2548,Dwyane Wade,2016-17,Dwyane Wade
256,0021600749,1610612741,CHI,201959,Taj Gibson,2016-17,Taj Gibson
257,0021600749,1610612745,HOU,201569,Eric Gordon,2016-17,Eric Gordon
258,0021600749,1610612745,HOU,201583,Ryan Anderson,2016-17,Ryan Anderson
259,0021600749,1610612745,HOU,201976,Patrick Beverley,2016-17,Patrick Beverley
260,0021600725,1610612761,TOR,1627783,Pascal Siakam,2016-17,Pascal Siakam
261,0021600725,1610612740,NOP,201967,Dante Cunningham,2016-17,Dante Cunningham
262,0021600725,1610612761,TOR,200768,Kyle Lowry,2016-17,Kyle Lowry
263,0021600725,1610612740,NOP,203076,Anthony Davis,2016-17,Anthony Davis
264,0021600725,1610612740,NOP,201950,Jrue Holiday,2016-17,Jrue Holiday
265,0021600725,1610612761,TOR,1626181,Norman Powell,2016-17,Norman Powell
266,0021600725,1610612761,TOR,201960,DeMarre Carroll,2016-17,DeMarre Carroll
267,0021600725,1610612761,TOR,202335,Patrick Patterson,2016-17,Patrick Patterson
268,0021600725,1610612740,NOP,203093,Terrence Jones,2016-17,Terrence Jones
269,0021600725,1610612740,NOP,1627741,Buddy Hield,2016-17,Buddy Hield
270,0021600720,1610612750,MIN,202332,Cole Aldrich,2016-17,Cole Aldrich
271,0021600720,1610612750,MIN,1626157,Karl-Anthony Towns,2016-17,Karl-Anthony Towns
272,0021600720,1610612750,MIN,203897,Zach LaVine,2016-17,Zach LaVine
273,0021600720,1610612750,MIN,203952,Andrew Wiggins,2016-17,Andrew Wiggins
274,0021600720,1610612753,ORL,201586,Serge Ibaka,2016-17,Serge Ibaka
275,0021600720,1610612753,ORL,202696,Nikola Vučević,2016-17,Nikola Vucevic
276,0021600720,1610612750,MIN,201937,Ricky Rubio,2016-17,Ricky Rubio
277,0021600720,1610612753,ORL,201228,C.J. Watson,2016-17,C.J. Watson
278,0021600720,1610612753,ORL,203901,Elfrid Payton,2016-17,Elfrid Payton
279,0021600720,1610612753,ORL,203932,Aaron Gordon,2016-17,Aaron Gordon
280,0021600711,1610612737,ATL,2743,Kris Humphries,2016-17,Kris Humphries
281,0021600711,1610612737,ATL,200794,Paul Millsap,2016-17,Paul Millsap
282,0021600711,1610612737,ATL,203501,Tim Hardaway Jr.,2016-17,Tim Hardaway Jr.
283,0021600711,1610612737,ATL,203471,Dennis Schröder,2016-17,Dennis Schroder
284,0021600711,1610612752,NYK,201943,Brandon Jennings,2016-17,Brandon Jennings
285,0021600711,1610612752,NYK,201584,Courtney Lee,2016-17,Courtney Lee
286,0021600711,1610612737,ATL,1627752,Taurean Prince,2016-17,Taurean Prince
287,0021600711,1610612752,NYK,2546,Carmelo Anthony,2016-17,Carmelo Anthony
288,0021600711,1610612752,NYK,201149,Joakim Noah,2016-17,Joakim Noah
289,0021600711,1610612752,NYK,1626195,Willy Hernangomez,2016-17,Willy Hernangomez
290,0021600706,1610612749,MIL,203089,John Henson,2016-17,John Henson
291,0021600706,1610612749,MIL,203507,Giannis Antetokounmpo,2016-17,Giannis Antetokounmpo
292,0021600706,1610612738,BOS,202738,Isaiah Thomas,2016-17,Isaiah Thomas
293,0021600706,1610612738,BOS,203109,Jae Crowder,2016-17,Jae Crowder
294,0021600706,1610612738,BOS,203482,Kelly Olynyk,2016-17,Kelly Olynyk
295,0021600706,1610612749,MIL,202328,Greg Monroe,2016-17,Greg Monroe
296,0021600706,1610612738,BOS,203935,Marcus Smart,2016-17,Marcus Smart
297,0021600706,1610612749,MIL,203503,Tony Snell,2016-17,Tony Snell
298,0021600706,1610612749,MIL,1627763,Malcolm Brogdon,2016-17,Malcolm Brogdon
299,0021600706,1610612738,BOS,1627759,Jaylen Brown,2016-17,Jaylen Brown
300,0021600696,1610612758,SAC,201954,Darren Collison,2016-17,Darren Collison
301,0021600696,1610612754,IND,202331,Paul George,2016-17,Paul George
302,0021600696,1610612754,IND,201952,Jeff Teague,2016-17,Jeff Teague
303,0021600696,1610612758,SAC,1627781,Malachi Richardson,2016-17,Malachi Richardson
304,0021600696,1610612754,IND,101139,CJ Miles,2016-17,CJ Miles
305,0021600696,1610612758,SAC,202326,DeMarcus Cousins,2016-17,DeMarcus Cousins
306,0021600696,1610612754,IND,1626167,Myles Turner,2016-17,Myles Turner
307,0021600696,1610612758,SAC,201167,Arron Afflalo,2016-17,Arron Afflalo
308,0021600696,1610612758,SAC,202066,Garrett Temple,2016-17,Garrett Temple
309,0021600696,1610612754,IND,201152,Thaddeus Young,2016-17,Thaddeus Young
310,0021600680,1610612739,CLE,2544,LeBron James,2016-17,LeBron James
311,0021600680,1610612739,CLE,202681,Kyrie Irving,2016-17,Kyrie Irving
312,0021600680,1610612758,SAC,201167,Arron Afflalo,2016-17,Arron Afflalo
313,0021600680,1610612758,SAC,202326,DeMarcus Cousins,2016-17,DeMarcus Cousins
314,0021600680,1610612739,CLE,201567,Kevin Love,2016-17,Kevin Love
315,0021600680,1610612758,SAC,202066,Garrett Temple,2016-17,Garrett Temple
316,0021600680,1610612758,SAC,201954,Darren Collison,2016-17,Darren Collison
317,0021600680,1610612739,CLE,2594,Kyle Korver,2016-17,Kyle Korver
318,0021600680,1610612739,CLE,202684,Tristan Thompson,2016-17,Tristan Thompson
319,0021600680,1610612758,SAC,1626161,Willie Cauley-Stein,2016-17,Willie Cauley-Stein
320,0021600657,1610612759,SAS,203473,Dewayne Dedmon,2016-17,Dewayne Dedmon
321,0021600657,1610612759,SAS,203613,Jonathon Simmons,2016-17,Jonathon Simmons
322,0021600657,1610612759,SAS,202695,Kawhi Leonard,2016-17,Kawhi Leonard
323,0021600657,1610612739,CLE,2544,LeBron James,2016-17,LeBron James
324,0021600657,1610612759,SAS,200746,LaMarcus Aldridge,2016-17,LaMarcus Aldridge
325,0021600657,1610612739,CLE,202681,Kyrie Irving,2016-17,Kyrie Irving
326,0021600657,1610612739,CLE,202684,Tristan Thompson,2016-17,Tristan Thompson
327,0021600657,1610612739,CLE,202697,Iman Shumpert,2016-17,Iman Shumpert
328,0021600657,1610612759,SAS,101135,David Lee,2016-17,David Lee
329,0021600657,1610612739,CLE,201567,Kevin Love,2016-17,Kevin Love
330,0021600650,1610612757,POR,203468,CJ McCollum,2016-17,CJ McCollum
331,0021600650,1610612738,BOS,202738,Isaiah Thomas,2016-17,Isaiah Thomas
332,0021600650,1610612738,BOS,203935,Marcus Smart,2016-17,Marcus Smart
333,0021600650,1610612738,BOS,203109,Jae Crowder,2016-17,Jae Crowder
334,0021600650,1610612757,POR,202323,Evan Turner,2016-17,Evan Turner
335,0021600650,1610612738,BOS,201143,Al Horford,2016-17,Al Horford
336,0021600650,1610612757,POR,203081,Damian Lillard,2016-17,Damian Lillard
337,0021600650,1610612757,POR,202329,Al-Farouq Aminu,2016-17,Al-Farouq Aminu
338,0021600650,1610612738,BOS,101161,Amir Johnson,2016-17,Amir Johnson
339,0021600650,1610612757,POR,203486,Mason Plumlee,2016-17,Mason Plumlee
340,0021600648,1610612762,UTA,203497,Rudy Gobert,2016-17,Rudy Gobert
341,0021600648,1610612742,DAL,203084,Harrison Barnes,2016-17,Harrison Barnes
342,0021600648,1610612742,DAL,202083,Wesley Matthews,2016-17,Wesley Matthews
343,0021600648,1610612762,UTA,202330,Gordon Hayward,2016-17,Gordon Hayward
344,0021600648,1610612762,UTA,204060,Joe Ingles,2016-17,Joe Ingles
345,0021600648,1610612742,DAL,101114,Deron Williams,2016-17,Deron Williams
346,0021600648,1610612762,UTA,2207,Joe Johnson,2016-17,Joe Johnson
347,0021600648,1610612762,UTA,201588,George Hill,2016-17,George Hill
348,0021600648,1610612742,DAL,203552,Seth Curry,2016-17,Seth Curry
349,0021600648,1610612742,DAL,1626147,Justin Anderson,2016-17,Justin Anderson
350,0021600559,1610612765,DET,202720,Jon Leuer,2016-17,Jon Leuer
351,0021600559,1610612765,DET,203382,Aron Baynes,2016-17,Aron Baynes
352,0021600559,1610612765,DET,203083,Andre Drummond,2016-17,Andre Drummond
353,0021600559,1610612765,DET,203484,Kentavious Caldwell-Pope,2016-17,Kentavious Caldwell-Pope
354,0021600559,1610612765,DET,202704,Reggie Jackson,2016-17,Reggie Jackson
355,0021600559,1610612757,POR,203468,CJ McCollum,2016-17,CJ McCollum
356,0021600559,1610612757,POR,203081,Damian Lillard,2016-17,Damian Lillard
357,0021600559,1610612757,POR,203459,Allen Crabbe,2016-17,Allen Crabbe
358,0021600559,1610612757,POR,203486,Mason Plumlee,2016-17,Mason Plumlee
359,0021600559,1610612757,POR,202329,Al-Farouq Aminu,2016-17,Al-Farouq Aminu
360,0021600554,1610612761,TOR,200768,Kyle Lowry,2016-17,Kyle Lowry
361,0021600554,1610612741,CHI,202710,Jimmy Butler III,2016-17,Jimmy Butler III
362,0021600554,1610612761,TOR,201942,DeMar DeRozan,2016-17,DeMar DeRozan
363,0021600554,1610612761,TOR,203512,Lucas Nogueira,2016-17,Lucas Nogueira
364,0021600554,1610612761,TOR,201960,DeMarre Carroll,2016-17,DeMarre Carroll
365,0021600554,1610612741,CHI,2548,Dwyane Wade,2016-17,Dwyane Wade
366,0021600554,1610612741,CHI,203926,Doug McDermott,2016-17,Doug McDermott
367,0021600554,1610612741,CHI,202703,Nikola Mirotic,2016-17,Nikola Mirotic
368,0021600554,1610612761,TOR,202685,Jonas Valančiūnas,2016-17,Jonas Valanciunas
369,0021600554,1610612741,CHI,201577,Robin Lopez,2016-17,Robin Lopez
370,0021600550,1610612744,GSW,203546,Ian Clark,2016-17,Ian Clark
371,0021600550,1610612763,MEM,1626185,Jarell Martin,2016-17,Jarell Martin
372,0021600550,1610612744,GSW,201580,JaVale McGee,2016-17,JaVale McGee
373,0021600550,1610612763,MEM,1626150,Andrew Harrison,2016-17,Andrew Harrison
374,0021600550,1610612763,MEM,2754,Tony Allen,2016-17,Tony Allen
375,0021600550,1610612744,GSW,201142,Kevin Durant,2016-17,Kevin Durant
376,0021600550,1610612744,GSW,201939,Stephen Curry,2016-17,Stephen Curry
377,0021600550,1610612744,GSW,202691,Klay Thompson,2016-17,Klay Thompson
378,0021600550,1610612763,MEM,201144,Mike Conley,2016-17,Mike Conley
379,0021600550,1610612763,MEM,201188,Marc Gasol,2016-17,Marc Gasol
380,0021600508,1610612759,SAS,203937,Kyle Anderson,2016-17,Kyle Anderson
381,0021600508,1610612737,ATL,2743,Kris Humphries,2016-17,Kris Humphries
382,0021600508,1610612759,SAS,203473,Dewayne Dedmon,2016-17,Dewayne Dedmon
383,0021600508,1610612737,ATL,200794,Paul Millsap,2016-17,Paul Millsap
384,0021600508,1610612759,SAS,200746,LaMarcus Aldridge,2016-17,LaMarcus Aldridge
385,0021600508,1610612737,ATL,2594,Kyle Korver,2016-17,Kyle Korver
386,0021600508,1610612759,SAS,2200,Pau Gasol,2016-17,Pau Gasol
387,0021600508,1610612737,ATL,2730,Dwight Howard,2016-17,Dwight Howard
388,0021600508,1610612737,ATL,203471,Dennis Schröder,2016-17,Dennis Schroder
389,0021600508,1610612759,SAS,2225,Tony Parker,2016-17,Tony Parker
390,0021600478,1610612752,NYK,1626195,Willy Hernangomez,2016-17,Willy Hernangomez
391,0021600478,1610612752,NYK,201565,Derrick Rose,2016-17,Derrick Rose
392,0021600478,1610612752,NYK,204001,Kristaps Porziņģis,2016-17,Kristaps Porzingis
393,0021600478,1610612737,ATL,200794,Paul Millsap,2016-17,Paul Millsap
394,0021600478,1610612737,ATL,203471,Dennis Schröder,2016-17,Dennis Schroder
395,0021600478,1610612737,ATL,203145,Kent Bazemore,2016-17,Kent Bazemore
396,0021600478,1610612737,ATL,2730,Dwight Howard,2016-17,Dwight Howard
397,0021600478,1610612752,NYK,201149,Joakim Noah,2016-17,Joakim Noah
398,0021600478,1610612752,NYK,203200,Justin Holiday,2016-17,Justin Holiday
399,0021600478,1610612737,ATL,200757,Thabo Sefolosha,2016-17,Thabo Sefolosha
400,0021600423,1610612739,CLE,2544,LeBron James,2016-17,LeBron James
401,0021600423,1610612749,MIL,203953,Jabari Parker,2016-17,Jabari Parker
402,0021600423,1610612739,CLE,202681,Kyrie Irving,2016-17,Kyrie Irving
403,0021600423,1610612749,MIL,203507,Giannis Antetokounmpo,2016-17,Giannis Antetokounmpo
404,0021600423,1610612749,MIL,203503,Tony Snell,2016-17,Tony Snell
405,0021600423,1610612749,MIL,203521,Matthew Dellavedova,2016-17,Matthew Dellavedova
406,0021600423,1610612739,CLE,2210,Richard Jefferson,2016-17,Richard Jefferson
407,0021600423,1610612739,CLE,202697,Iman Shumpert,2016-17,Iman Shumpert
408,0021600423,1610612739,CLE,2592,James Jones,2016-17,James Jones
409,0021600423,1610612749,MIL,203089,John Henson,2016-17,John Henson
410,0021600424,1610612738,BOS,101123,Gerald Green,2016-17,Gerald Green
411,0021600424,1610612738,BOS,1626179,Terry Rozier,2016-17,Terry Rozier
412,0021600424,1610612738,BOS,201143,Al Horford,2016-17,Al Horford
413,0021600424,1610612738,BOS,203109,Jae Crowder,2016-17,Jae Crowder
414,0021600424,1610612738,BOS,202340,Avery Bradley,2016-17,Avery Bradley
415,0021600424,1610612763,MEM,2754,Tony Allen,2016-17,Tony Allen
416,0021600424,1610612763,MEM,201188,Marc Gasol,2016-17,Marc Gasol
417,0021600424,1610612763,MEM,201144,Mike Conley,2016-17,Mike Conley
418,0021600424,1610612763,MEM,203584,Troy Daniels,2016-17,Troy Daniels
419,0021600424,1610612763,MEM,203210,JaMychal Green,2016-17,JaMychal Green
420,0021600422,1610612748,MIA,202355,Hassan Whiteside,2016-17,Hassan Whiteside
421,0021600422,1610612748,MIA,1626159,Justise Winslow,2016-17,Justise Winslow
422,0021600422,1610612748,MIA,201609,Goran Dragic,2016-17,Goran Dragic
423,0021600422,1610612748,MIA,1626196,Josh Richardson,2016-17,Josh Richardson
424,0021600422,1610612753,ORL,203095,Evan Fournier,2016-17,Evan Fournier
425,0021600422,1610612753,ORL,201586,Serge Ibaka,2016-17,Serge Ibaka
426,0021600422,1610612753,ORL,202696,Nikola Vučević,2016-17,Nikola Vucevic
427,0021600422,1610612748,MIA,204020,Tyler Johnson,2016-17,Tyler Johnson
428,0021600422,1610612753,ORL,203901,Elfrid Payton,2016-17,Elfrid Payton
429,0021600422,1610612753,ORL,201145,Jeff Green,2016-17,Jeff Green
430,0021600403,1610612750,MIN,203897,Zach LaVine,2016-17,Zach LaVine
431,0021600403,1610612750,MIN,203952,Andrew Wiggins,2016-17,Andrew Wiggins
432,0021600403,1610612745,HOU,201976,Patrick Beverley,2016-17,Patrick Beverley
433,0021600403,1610612750,MIN,1626157,Karl-Anthony Towns,2016-17,Karl-Anthony Towns
434,0021600403,1610612745,HOU,201935,James Harden,2016-17,James Harden
435,0021600403,1610612750,MIN,201937,Ricky Rubio,2016-17,Ricky Rubio
436,0021600403,1610612745,HOU,2772,Trevor Ariza,2016-17,Trevor Ariza
437,0021600403,1610612745,HOU,201583,Ryan Anderson,2016-17,Ryan Anderson
438,0021600403,1610612745,HOU,201569,Eric Gordon,2016-17,Eric Gordon
439,0021600403,1610612750,MIN,203476,Gorgui Dieng,2016-17,Gorgui Dieng
440,0021600372,1610612752,NYK,201565,Derrick Rose,2016-17,Derrick Rose
441,0021600372,1610612756,PHX,1626210,Alan Williams,2016-17,Alan Williams
442,0021600372,1610612756,PHX,1627733,Dragan Bender,2016-17,Dragan Bender
443,0021600372,1610612752,NYK,1627851,Mindaugas Kuzminskas,2016-17,Mindaugas Kuzminskas
444,0021600372,1610612752,NYK,204001,Kristaps Porziņģis,2016-17,Kristaps Porzingis
445,0021600372,1610612756,PHX,2199,Tyson Chandler,2016-17,Tyson Chandler
446,0021600372,1610612756,PHX,200782,P.J. Tucker,2016-17,P.J. Tucker
447,0021600372,1610612752,NYK,2546,Carmelo Anthony,2016-17,Carmelo Anthony
448,0021600372,1610612756,PHX,202339,Eric Bledsoe,2016-17,Eric Bledsoe
449,0021600372,1610612752,NYK,201584,Courtney Lee,2016-17,Courtney Lee
450,0021600359,1610612740,NOP,1627767,Cheick Diallo,2016-17,Cheick Diallo
451,0021600359,1610612756,PHX,1627733,Dragan Bender,2016-17,Dragan Bender
452,0021600359,1610612740,NOP,201600,Omer Asik,2016-17,Omer Asik
453,0021600359,1610612740,NOP,203076,Anthony Davis,2016-17,Anthony Davis
454,0021600359,1610612756,PHX,200782,P.J. Tucker,2016-17,P.J. Tucker
455,0021600359,1610612756,PHX,202339,Eric Bledsoe,2016-17,Eric Bledsoe
456,0021600359,1610612740,NOP,201950,Jrue Holiday,2016-17,Jrue Holiday
457,0021600359,1610612756,PHX,1626164,Devin Booker,2016-17,Devin Booker
458,0021600359,1610612740,NOP,204025,Tim Frazier,2016-17,Tim Frazier
459,0021600359,1610612756,PHX,2199,Tyson Chandler,2016-17,Tyson Chandler
460,0021600310,1610612763,MEM,201962,Toney Douglas,2016-17,Toney Douglas
461,0021600310,1610612763,MEM,1627738,Deyonta Davis,2016-17,Deyonta Davis
462,0021600310,1610612740,NOP,203076,Anthony Davis,2016-17,Anthony Davis
463,0021600310,1610612740,NOP,203524,Solomon Hill,2016-17,Solomon Hill
464,0021600310,1610612763,MEM,201188,Marc Gasol,2016-17,Marc Gasol
465,0021600310,1610612763,MEM,203584,Troy Daniels,2016-17,Troy Daniels
466,0021600310,1610612763,MEM,203210,JaMychal Green,2016-17,JaMychal Green
467,0021600310,1610612740,NOP,204025,Tim Frazier,2016-17,Tim Frazier
468,0021600310,1610612740,NOP,204038,Langston Galloway,2016-17,Langston Galloway
469,0021600310,1610612740,NOP,203093,Terrence Jones,2016-17,Terrence Jones
470,0021600292,1610612750,MIN,203897,Zach LaVine,2016-17,Zach LaVine
471,0021600292,1610612766,CHA,201587,Nicolas Batum,2016-17,Nicolas Batum
472,0021600292,1610612766,CHA,202689,Kemba Walker,2016-17,Kemba Walker
473,0021600292,1610612750,MIN,203952,Andrew Wiggins,2016-17,Andrew Wiggins
474,0021600292,1610612750,MIN,201937,Ricky Rubio,2016-17,Ricky Rubio
475,0021600292,1610612766,CHA,203469,Cody Zeller,2016-17,Cody Zeller
476,0021600292,1610612750,MIN,1626157,Karl-Anthony Towns,2016-17,Karl-Anthony Towns
477,0021600292,1610612766,CHA,1626163,Frank Kaminsky,2016-17,Frank Kaminsky
478,0021600292,1610612750,MIN,203476,Gorgui Dieng,2016-17,Gorgui Dieng
479,0021600292,1610612766,CHA,203077,Michael Kidd-Gilchrist,2016-17,Michael Kidd-Gilchrist
480,0021600281,1610612744,GSW,1627775,Patrick McCaw,2016-17,Patrick McCaw
481,0021600281,1610612744,GSW,2585,Zaza Pachulia,2016-17,Zaza Pachulia
482,0021600281,1610612744,GSW,203949,James Michael McAdoo,2016-17,James Michael McAdoo
483,0021600281,1610612744,GSW,201580,JaVale McGee,2016-17,JaVale McGee
484,0021600281,1610612744,GSW,201142,Kevin Durant,2016-17,Kevin Durant
485,0021600281,1610612745,HOU,201935,James Harden,2016-17,James Harden
486,0021600281,1610612745,HOU,201583,Ryan Anderson,2016-17,Ryan Anderson
487,0021600281,1610612745,HOU,2772,Trevor Ariza,2016-17,Trevor Ariza
488,0021600281,1610612745,HOU,201569,Eric Gordon,2016-17,Eric Gordon
489,0021600281,1610612745,HOU,201976,Patrick Beverley,2016-17,Patrick Beverley
490,0021600270,1610612760,OKC,203506,Victor Oladipo,2016-17,Victor Oladipo
491,0021600270,1610612764,WAS,202322,John Wall,2016-17,John Wall
492,0021600270,1610612764,WAS,203078,Bradley Beal,2016-17,Bradley Beal
493,0021600270,1610612760,OKC,201566,Russell Westbrook,2016-17,Russell Westbrook
494,0021600270,1610612764,WAS,203490,Otto Porter Jr.,2016-17,Otto Porter Jr.
495,0021600270,1610612764,WAS,202693,Markieff Morris,2016-17,Markieff Morris
496,0021600270,1610612764,WAS,101162,Marcin Gortat,2016-17,Marcin Gortat
497,0021600270,1610612760,OKC,203460,Andre Roberson,2016-17,Andre Roberson
498,0021600270,1610612760,OKC,201627,Anthony Morrow,2016-17,Anthony Morrow
499,0021600270,1610612760,OKC,203500,Steven Adams,2016-17,Steven Adams
500,0021600261,1610612751,BKN,2449,Luis Scola,2016-17,Luis Scola
501,0021600261,1610612751,BKN,203930,Sean Kilpatrick,2016-17,Sean Kilpatrick
502,0021600261,1610612751,BKN,1627785,Isaiah Whitehead,2016-17,Isaiah Whitehead
503,0021600261,1610612746,LAC,201599,DeAndre Jordan,2016-17,DeAndre Jordan
504,0021600261,1610612746,LAC,101108,Chris Paul,2016-17,Chris Paul
505,0021600261,1610612751,BKN,201572,Brook Lopez,2016-17,Brook Lopez
506,0021600261,1610612751,BKN,202344,Trevor Booker,2016-17,Trevor Booker
507,0021600261,1610612746,LAC,200755,JJ Redick,2016-17,JJ Redick
508,0021600261,1610612746,LAC,2037,Jamal Crawford,2016-17,Jamal Crawford
509,0021600261,1610612746,LAC,1718,Paul Pierce,2016-17,Paul Pierce
510,0021600253,1610612764,WAS,202693,Markieff Morris,2016-17,Markieff Morris
511,0021600253,1610612764,WAS,202322,John Wall,2016-17,John Wall
512,0021600253,1610612764,WAS,203078,Bradley Beal,2016-17,Bradley Beal
513,0021600253,1610612758,SAC,202326,DeMarcus Cousins,2016-17,DeMarcus Cousins
514,0021600253,1610612764,WAS,203094,Andrew Nicholson,2016-17,Andrew Nicholson
515,0021600253,1610612758,SAC,200752,Rudy Gay,2016-17,Rudy Gay
516,0021600253,1610612764,WAS,101162,Marcin Gortat,2016-17,Marcin Gortat
517,0021600253,1610612758,SAC,201954,Darren Collison,2016-17,Darren Collison
518,0021600253,1610612758,SAC,202066,Garrett Temple,2016-17,Garrett Temple
519,0021600253,1610612758,SAC,2440,Matt Barnes,2016-17,Matt Barnes
520,0021600228,1610612766,CHA,201587,Nicolas Batum,2016-17,Nicolas Batum
521,0021600228,1610612752,NYK,2546,Carmelo Anthony,2016-17,Carmelo Anthony
522,0021600228,1610612752,NYK,2756,Sasha Vujacic,2016-17,Sasha Vujacic
523,0021600228,1610612766,CHA,1626163,Frank Kaminsky,2016-17,Frank Kaminsky
524,0021600228,1610612752,NYK,201565,Derrick Rose,2016-17,Derrick Rose
525,0021600228,1610612752,NYK,201584,Courtney Lee,2016-17,Courtney Lee
526,0021600228,1610612752,NYK,204001,Kristaps Porziņģis,2016-17,Kristaps Porzingis
527,0021600228,1610612766,CHA,201158,Marco Belinelli,2016-17,Marco Belinelli
528,0021600228,1610612766,CHA,202689,Kemba Walker,2016-17,Kemba Walker
529,0021600228,1610612766,CHA,203077,Michael Kidd-Gilchrist,2016-17,Michael Kidd-Gilchrist
530,0021600235,1610612760,OKC,203506,Victor Oladipo,2016-17,Victor Oladipo
531,0021600235,1610612743,DEN,2749,Jameer Nelson,2016-17,Jameer Nelson
532,0021600235,1610612760,OKC,201566,Russell Westbrook,2016-17,Russell Westbrook
533,0021600235,1610612743,DEN,201163,Wilson Chandler,2016-17,Wilson Chandler
534,0021600235,1610612760,OKC,203460,Andre Roberson,2016-17,Andre Roberson
535,0021600235,1610612743,DEN,1627750,Jamal Murray,2016-17,Jamal Murray
536,0021600235,1610612760,OKC,203500,Steven Adams,2016-17,Steven Adams
537,0021600235,1610612743,DEN,1626144,Emmanuel Mudiay,2016-17,Emmanuel Mudiay
538,0021600235,1610612743,DEN,203999,Nikola Jokić,2016-17,Nikola Jokic
539,0021600235,1610612760,OKC,203924,Jerami Grant,2016-17,Jerami Grant
540,0021600212,1610612755,PHI,204456,T.J. McConnell,2016-17,T.J. McConnell
541,0021600212,1610612755,PHI,203496,Robert Covington,2016-17,Robert Covington
542,0021600212,1610612763,MEM,201188,Marc Gasol,2016-17,Marc Gasol
543,0021600212,1610612763,MEM,201144,Mike Conley,2016-17,Mike Conley
544,0021600212,1610612755,PHI,203917,Nik Stauskas,2016-17,Nik Stauskas
545,0021600212,1610612763,MEM,1626150,Andrew Harrison,2016-17,Andrew Harrison
546,0021600212,1610612755,PHI,101141,Ersan Ilyasova,2016-17,Ersan Ilyasova
547,0021600212,1610612763,MEM,1713,Vince Carter,2016-17,Vince Carter
548,0021600212,1610612763,MEM,203210,JaMychal Green,2016-17,JaMychal Green
549,0021600212,1610612755,PHI,201573,Jerryd Bayless,2016-17,Jerryd Bayless
550,0021600195,1610612760,OKC,201627,Anthony Morrow,2016-17,Anthony Morrow
551,0021600195,1610612754,IND,203922,Glenn Robinson III,2016-17,Glenn Robinson III
552,0021600195,1610612754,IND,101145,Monta Ellis,2016-17,Monta Ellis
553,0021600195,1610612754,IND,201952,Jeff Teague,2016-17,Jeff Teague
554,0021600195,1610612760,OKC,201566,Russell Westbrook,2016-17,Russell Westbrook
555,0021600195,1610612754,IND,1626167,Myles Turner,2016-17,Myles Turner
556,0021600195,1610612754,IND,201152,Thaddeus Young,2016-17,Thaddeus Young
557,0021600195,1610612760,OKC,203506,Victor Oladipo,2016-17,Victor Oladipo
558,0021600195,1610612760,OKC,203460,Andre Roberson,2016-17,Andre Roberson
559,0021600195,1610612760,OKC,203500,Steven Adams,2016-17,Steven Adams
560,0021600185,1610612740,NOP,1627741,Buddy Hield,2016-17,Buddy Hield
561,0021600185,1610612740,NOP,201967,Dante Cunningham,2016-17,Dante Cunningham
562,0021600185,1610612740,NOP,203076,Anthony Davis,2016-17,Anthony Davis
563,0021600185,1610612766,CHA,202689,Kemba Walker,2016-17,Kemba Walker
564,0021600185,1610612740,NOP,204025,Tim Frazier,2016-17,Tim Frazier
565,0021600185,1610612766,CHA,1626163,Frank Kaminsky,2016-17,Frank Kaminsky
566,0021600185,1610612766,CHA,201587,Nicolas Batum,2016-17,Nicolas Batum
567,0021600185,1610612766,CHA,203077,Michael Kidd-Gilchrist,2016-17,Michael Kidd-Gilchrist
568,0021600185,1610612766,CHA,201158,Marco Belinelli,2016-17,Marco Belinelli
569,0021600185,1610612740,NOP,204038,Langston Galloway,2016-17,Langston Galloway
570,0021600181,1610612743,DEN,1627823,Juancho Hernangomez,2016-17,Juancho Hernangomez
571,0021600181,1610612743,DEN,1626144,Emmanuel Mudiay,2016-17,Emmanuel Mudiay
572,0021600181,1610612743,DEN,201568,Danilo Gallinari,2016-17,Danilo Gallinari
573,0021600181,1610612761,TOR,200768,Kyle Lowry,2016-17,Kyle Lowry
574,0021600181,1610612761,TOR,202685,Jonas Valančiūnas,2016-17,Jonas Valanciunas
575,0021600181,1610612743,DEN,2749,Jameer Nelson,2016-17,Jameer Nelson
576,0021600181,1610612761,TOR,201942,DeMar DeRozan,2016-17,DeMar DeRozan
577,0021600181,1610612743,DEN,201163,Wilson Chandler,2016-17,Wilson Chandler
578,0021600181,1610612761,TOR,203082,Terrence Ross,2016-17,Terrence Ross
579,0021600181,1610612761,TOR,202335,Patrick Patterson,2016-17,Patrick Patterson
580,0021600121,1610612754,IND,202338,Kevin Seraphin,2016-17,Kevin Seraphin
581,0021600121,1610612754,IND,202331,Paul George,2016-17,Paul George
582,0021600121,1610612755,PHI,203496,Robert Covington,2016-17,Robert Covington
583,0021600121,1610612754,IND,101145,Monta Ellis,2016-17,Monta Ellis
584,0021600121,1610612754,IND,201952,Jeff Teague,2016-17,Jeff Teague
585,0021600121,1610612755,PHI,200771,Sergio Rodriguez,2016-17,Sergio Rodriguez
586,0021600121,1610612754,IND,201152,Thaddeus Young,2016-17,Thaddeus Young
587,0021600121,1610612755,PHI,1626143,Jahlil Okafor,2016-17,Jahlil Okafor
588,0021600121,1610612755,PHI,201945,Gerald Henderson,2016-17,Gerald Henderson
589,0021600121,1610612755,PHI,203967,Dario Šarić,2016-17,Dario Saric
590,0021600128,1610612758,SAC,1626161,Willie Cauley-Stein,2016-17,Willie Cauley-Stein
591,0021600128,1610612758,SAC,200752,Rudy Gay,2016-17,Rudy Gay
592,0021600128,1610612757,POR,203081,Damian Lillard,2016-17,Damian Lillard
593,0021600128,1610612757,POR,203468,CJ McCollum,2016-17,CJ McCollum
594,0021600128,1610612758,SAC,202326,DeMarcus Cousins,2016-17,DeMarcus Cousins
595,0021600128,1610612758,SAC,201954,Darren Collison,2016-17,Darren Collison
596,0021600128,1610612757,POR,203459,Allen Crabbe,2016-17,Allen Crabbe
597,0021600128,1610612757,POR,203090,Maurice Harkless,2016-17,Maurice Harkless
598,0021600128,1610612757,POR,203486,Mason Plumlee,2016-17,Mason Plumlee
599,0021600128,1610612758,SAC,201167,Arron Afflalo,2016-17,Arron Afflalo
600,0021600110,1610612754,IND,203922,Glenn Robinson III,2016-17,Glenn Robinson III
601,0021600110,1610612754,IND,201952,Jeff Teague,2016-17,Jeff Teague
602,0021600110,1610612754,IND,101145,Monta Ellis,2016-17,Monta Ellis
603,0021600110,1610612754,IND,201152,Thaddeus Young,2016-17,Thaddeus Young
604,0021600110,1610612755,PHI,203967,Dario Šarić,2016-17,Dario Saric
605,0021600110,1610612755,PHI,203496,Robert Covington,2016-17,Robert Covington
606,0021600110,1610612754,IND,1626167,Myles Turner,2016-17,Myles Turner
607,0021600110,1610612755,PHI,200771,Sergio Rodriguez,2016-17,Sergio Rodriguez
608,0021600110,1610612755,PHI,201945,Gerald Henderson,2016-17,Gerald Henderson
609,0021600110,1610612755,PHI,1626158,Richaun Holmes,2016-17,Richaun Holmes
610,0021600090,1610612749,MIL,203089,John Henson,2016-17,John Henson
611,0021600090,1610612742,DAL,203084,Harrison Barnes,2016-17,Harrison Barnes
612,0021600090,1610612742,DAL,200826,J.J. Barea,2016-17,J.J. Barea
613,0021600090,1610612742,DAL,202083,Wesley Matthews,2016-17,Wesley Matthews
614,0021600090,1610612749,MIL,203953,Jabari Parker,2016-17,Jabari Parker
615,0021600090,1610612749,MIL,203503,Tony Snell,2016-17,Tony Snell
616,0021600090,1610612742,DAL,101106,Andrew Bogut,2016-17,Andrew Bogut
617,0021600090,1610612749,MIL,203521,Matthew Dellavedova,2016-17,Matthew Dellavedova
618,0021600090,1610612742,DAL,1627827,Dorian Finney-Smith,2016-17,Dorian Finney-Smith
619,0021600090,1610612749,MIL,202328,Greg Monroe,2016-17,Greg Monroe
620,0021600075,1610612740,NOP,203076,Anthony Davis,2016-17,Anthony Davis
621,0021600075,1610612756,PHX,1626164,Devin Booker,2016-17,Devin Booker
622,0021600075,1610612756,PHX,203933,T.J. Warren,2016-17,T.J. Warren
623,0021600075,1610612740,NOP,202734,E'Twaun Moore,2016-17,E'Twaun Moore
624,0021600075,1610612756,PHX,2199,Tyson Chandler,2016-17,Tyson Chandler
625,0021600075,1610612756,PHX,202339,Eric Bledsoe,2016-17,Eric Bledsoe
626,0021600075,1610612756,PHX,200782,P.J. Tucker,2016-17,P.J. Tucker
627,0021600075,1610612740,NOP,203524,Solomon Hill,2016-17,Solomon Hill
628,0021600075,1610612740,NOP,204038,Langston Galloway,2016-17,Langston Galloway
629,0021600075,1610612740,NOP,203093,Terrence Jones,2016-17,Terrence Jones
630,0021600063,1610612757,POR,203081,Damian Lillard,2016-17,Damian Lillard
631,0021600063,1610612756,PHX,202339,Eric Bledsoe,2016-17,Eric Bledsoe
632,0021600063,1610612757,POR,203468,CJ McCollum,2016-17,CJ McCollum
633,0021600063,1610612756,PHX,1626164,Devin Booker,2016-17,Devin Booker
634,0021600063,1610612756,PHX,203933,T.J. Warren,2016-17,T.J. Warren
635,0021600063,1610612757,POR,203459,Allen Crabbe,2016-17,Allen Crabbe
636,0021600063,1610612757,POR,203090,Maurice Harkless,2016-17,Maurice Harkless
637,0021600063,1610612756,PHX,202688,Brandon Knight,2016-17,Brandon Knight
638,0021600063,1610612756,PHX,2199,Tyson Chandler,2016-17,Tyson Chandler
639,0021600063,1610612757,POR,203086,Meyers Leonard,2016-17,Meyers Leonard
640,0021600060,1610612740,NOP,201967,Dante Cunningham,2016-17,Dante Cunningham
641,0021600060,1610612740,NOP,202362,Lance Stephenson,2016-17,Lance Stephenson
642,0021600060,1610612763,MEM,201188,Marc Gasol,2016-17,Marc Gasol
643,0021600060,1610612763,MEM,201144,Mike Conley,2016-17,Mike Conley
644,0021600060,1610612763,MEM,203516,James Ennis III,2016-17,James Ennis III
645,0021600060,1610612740,NOP,203076,Anthony Davis,2016-17,Anthony Davis
646,0021600060,1610612740,NOP,201600,Omer Asik,2016-17,Omer Asik
647,0021600060,1610612740,NOP,204038,Langston Galloway,2016-17,Langston Galloway
648,0021600060,1610612763,MEM,1713,Vince Carter,2016-17,Vince Carter
649,0021600060,1610612763,MEM,203210,JaMychal Green,2016-17,JaMychal Green
650,0021600049,1610612748,MIA,203186,Willie Reed,2016-17,Willie Reed
651,0021600049,1610612748,MIA,203079,Dion Waiters,2016-17,Dion Waiters
652,0021600049,1610612758,SAC,200752,Rudy Gay,2016-17,Rudy Gay
653,0021600049,1610612748,MIA,201609,Goran Dragic,2016-17,Goran Dragic
654,0021600049,1610612758,SAC,201167,Arron Afflalo,2016-17,Arron Afflalo
655,0021600049,1610612748,MIA,1626159,Justise Winslow,2016-17,Justise Winslow
656,0021600049,1610612758,SAC,201951,Ty Lawson,2016-17,Ty Lawson
657,0021600049,1610612758,SAC,202326,DeMarcus Cousins,2016-17,DeMarcus Cousins
658,0021600049,1610612748,MIA,204020,Tyler Johnson,2016-17,Tyler Johnson
659,0021600049,1610612758,SAC,202066,Garrett Temple,2016-17,Garrett Temple
660,0021600039,1610612764,WAS,201160,Jason Smith,2016-17,Jason Smith
661,0021600039,1610612764,WAS,203078,Bradley Beal,2016-17,Bradley Beal
662,0021600039,1610612763,MEM,203210,JaMychal Green,2016-17,JaMychal Green
663,0021600039,1610612764,WAS,101162,Marcin Gortat,2016-17,Marcin Gortat
664,0021600039,1610612763,MEM,201144,Mike Conley,2016-17,Mike Conley
665,0021600039,1610612764,WAS,202322,John Wall,2016-17,John Wall
666,0021600039,1610612764,WAS,203490,Otto Porter Jr.,2016-17,Otto Porter Jr.
667,0021600039,1610612763,MEM,203516,James Ennis III,2016-17,James Ennis III
668,0021600039,1610612763,MEM,1713,Vince Carter,2016-17,Vince Carter
669,0021600039,1610612763,MEM,1626150,Andrew Harrison,2016-17,Andrew Harrison
670,0021600033,1610612757,POR,203943,Noah Vonleh,2016-17,Noah Vonleh
671,0021600033,1610612743,DEN,201568,Danilo Gallinari,2016-17,Danilo Gallinari
672,0021600033,1610612757,POR,203081,Damian Lillard,2016-17,Damian Lillard
673,0021600033,1610612757,POR,203468,CJ McCollum,2016-17,CJ McCollum
674,0021600033,1610612743,DEN,203115,Will Barton,2016-17,Will Barton
675,0021600033,1610612743,DEN,1626144,Emmanuel Mudiay,2016-17,Emmanuel Mudiay
676,0021600033,1610612743,DEN,203999,Nikola Jokić,2016-17,Nikola Jokic
677,0021600033,1610612757,POR,203486,Mason Plumlee,2016-17,Mason Plumlee
678,0021600033,1610612757,POR,203090,Maurice Harkless,2016-17,Maurice Harkless
679,0021600033,1610612743,DEN,202702,Kenneth Faried,2016-17,Kenneth Faried
680,0021600021,1610612756,PHX,1627733,Dragan Bender,2016-17,Dragan Bender
681,0021600021,1610612760,OKC,203530,Joffrey Lauvergne,2016-17,Joffrey Lauvergne
682,0021600021,1610612756,PHX,200782,P.J. Tucker,2016-17,P.J. Tucker
683,0021600021,1610612756,PHX,203933,T.J. Warren,2016-17,T.J. Warren
684,0021600021,1610612760,OKC,201566,Russell Westbrook,2016-17,Russell Westbrook
685,0021600021,1610612756,PHX,1626164,Devin Booker,2016-17,Devin Booker
686,0021600021,1610612760,OKC,203506,Victor Oladipo,2016-17,Victor Oladipo
687,0021600021,1610612760,OKC,203460,Andre Roberson,2016-17,Andre Roberson
688,0021600021,1610612760,OKC,203500,Steven Adams,2016-17,Steven Adams
689,0021600021,1610612756,PHX,2199,Tyson Chandler,2016-17,Tyson Chandler
690,0021600005,1610612754,IND,101145,Monta Ellis,2016-17,Monta Ellis
691,0021600005,1610612754,IND,202331,Paul George,2016-17,Paul George
692,0021600005,1610612742,DAL,101114,Deron Williams,2016-17,Deron Williams
693,0021600005,1610612754,IND,1626202,Joe Young,2016-17,Joe Young
694,0021600005,1610612742,DAL,202083,Wesley Matthews,2016-17,Wesley Matthews
695,0021600005,1610612742,DAL,200826,J.J. Barea,2016-17,J.J. Barea
696,0021600005,1610612742,DAL,1717,Dirk Nowitzki,2016-17,Dirk Nowitzki
697,0021600005,1610612754,IND,1626167,Myles Turner,2016-17,Myles Turner
698,0021600005,1610612754,IND,201952,Jeff Teague,2016-17,Jeff Teague
699,0021600005,1610612742,DAL,203084,Harrison Barnes,2016-17,Harrison Barnes
